[
  {
    "nombre": "Hipogrifo",
    "descripcion": "Una criatura mágica con la parte delantera de un águila y la parte trasera de un caballo. Conocidos por su orgullo y sensibilidad, los hipogrifos exigen respeto y pueden ser agresivos si se sienten amenazados.",
    "habitat": "Bosques y montañas",
    "caracteristicas": [
      "Orgulloso",
      "Leal",
      "Capaz de volar"
    ],
    "tipo": "bestia",
    "apariciones": "1"
  },
  {
    "nombre": "Elfo Doméstico",
    "descripcion": "Criaturas mágicas pequeñas y humanoides, conocidas por su devoción a sus amos y su deseo de servir. A menudo están vinculados a familias de sangre pura y pueden ser liberados mediante la entrega de ropa.",
    "habitat": "Hogares de magos",
    "caracteristicas": [
      "Leal",
      "Deseoso de servir",
      "Magia doméstica"
    ],
    "tipo": "ser",
    "apariciones": "6"
  },
  {
    "nombre": "Dragón",
    "descripcion": "Criaturas mágicas reptilianas y aladas, conocidas por su ferocidad y poder destructivo. Varios tipos de dragones existen en el mundo mágico, cada uno con su propia apariencia y habilidades únicas.",
    "habitat": "Montañas y cuevas",
    "caracteristicas": [
      "Fuego respirante",
      "Resistente",
      "Inteligente"
    ],
    "tipo": "bestia",
    "apariciones": "4"
  },
  {
    "nombre": "Acromántula",
    "descripcion": "Enormes arañas mágicas con ocho ojos y una inteligencia considerable. Viven en colonias y pueden ser muy peligrosas para los humanos.",
    "habitat": "Bosques oscuros",
    "caracteristicas": [
      "Veneno potente",
      "Tejedor de redes",
      "Longevidad"
    ],
    "tipo": "bestia",
    "apariciones": "3"
  },
  {
    "nombre": "Thestral",
    "descripcion": "Criaturas aladas esqueléticas con ojos blancos y membranosos, invisibles para aquellos que nunca han presenciado la muerte. Se utilizan para tirar de los carruajes de la Guardia de Hogwarts.",
    "habitat": "Bosques y terrenos sombríos",
    "caracteristicas": [
      "Invisible para algunos",
      "Sensible a la muerte",
      "Velocidad y agilidad"
    ],
    "tipo": "bestia",
    "apariciones": "1"
  },
  {
    "nombre": "Basilisco",
    "descripcion": "Una serpiente gigante mágica, conocida como el Rey de las Serpientes. Posee un veneno mortal y puede matar con una mirada directa a los ojos.",
    "habitat": "Cámaras subterráneas",
    "caracteristicas": [
      "Veneno mortal",
      "Piel blindada",
      "Habilidad para matar con la mirada"
    ],
    "tipo": "bestia",
    "apariciones": "1"
  },
  {
    "nombre": "Dementor",
    "descripcion": "Criaturas espectrales que se alimentan de la felicidad y el alma de los seres humanos. Son conocidos por su apariencia encapuchada y su capacidad para inducir sentimientos de miedo y desesperación.",
    "habitat": "Lugares oscuros y sombríos",
    "caracteristicas": [
      "Consumidor de felicidad",
      "Inmune a la mayoría de los hechizos",
      "Guardianes de Azkaban"
    ],
    "tipo": "ser",
    "apariciones": "5"
  },
  {
    "nombre": "Duendecillos de Cornualles",
    "descripcion": "Criaturas pequeñas con orejas puntiagudas y caras arrugadas. Son conocidos por su habilidad para trabajar con metales y su naturaleza traviesa.",
    "habitat": "Minas y cuevas",
    "caracteristicas": [
      "Hábiles en metalurgia",
      "Traviesos",
      "Residencia en comunidades subterráneas"
    ],
    "tipo": "ser",
    "apariciones": "1"
  },
  {
    "nombre": "Fénix",
    "descripcion": "Criaturas mágicas legendarias conocidas por su belleza y sus llamas regenerativas. Los fénix pueden resucitar de sus cenizas cuando mueren, lo que los convierte en símbolos de inmortalidad y renovación.",
    "habitat": "Zonas montañosas y remotas",
    "caracteristicas": [
      "Regeneración",
      "Lágrimas curativas",
      "Canto mágico",
      "Lealtad"
    ],
    "tipo": "bestia",
    "apariciones": "3"
  },
  {
    "nombre": "Fluffy",
    "descripcion": "Un perro gigante de tres cabezas que fue utilizado por Hagrid para proteger la Piedra Filosofal. A pesar de su apariencia feroz, se calma al escuchar música.",
    "habitat": "Habitaciones secretas dentro de Hogwarts",
    "caracteristicas": [
      "Tres cabezas",
      "Enorme tamaño",
      "Feroz protector",
      "Se calma con música"
    ],
    "tipo": "bestia",
    "apariciones": "1"
  },
  {
    "nombre": "Grindylow",
    "descripcion": "Criaturas acuáticas agresivas de color verde pálido con cuernos y dedos largos y delgados. Habitan en lagos y lagunas, y son conocidas por su naturaleza violenta hacia los humanos.",
    "habitat": "Lagos y lagunas",
    "caracteristicas": [
      "Agresivos",
      "Dedos largos y delgados",
      "Adaptados a la vida acuática"
    ],
    "tipo": "bestia",
    "apariciones": "1"
  }
]