[
    {
        "nombre": "Expecto Patronum",
        "efecto": "Crea un Patronus, una forma protectora de energía positiva, para repeler a los Dementores y otros seres oscuros.",
        "nivel_dificultad": "Avanzado"
    },
    {
        "nombre": "Wingardium Leviosa",
        "efecto": "Levita objetos, haciéndolos flotar en el aire. Requiere un movimiento de varita específico y concentración.",
        "nivel_dificultad": "Básico"
    },
    {
        "nombre": "Avada Kedavra",
        "efecto": "Maldición asesina que causa la muerte instantánea de la víctima. Es uno de los tres hechizos imperdonables.",
        "nivel_dificultad": "Avanzado"
    },
    {
        "nombre": "Expelliarmus",
        "efecto": "Desarma al oponente, haciéndolo soltar su varita. A menudo utilizado en duelos mágicos.",
        "nivel_dificultad": "Intermedio"
    },
    {
        "nombre": "Lumos",
        "efecto": "Illumina la punta de la varita, creando una fuente de luz. Útil para iluminar lugares oscuros.",
        "nivel_dificultad": "Básico"
    },
    {
        "nombre": "Nox",
        "efecto": "Apaga la luz producida por el hechizo Lumos. Utilizado para extinguir la luz de la varita.",
        "nivel_dificultad": "Básico"
    },
    {
        "nombre": "Riddikulus",
        "efecto": "Transforma las manifestaciones de Boggarts en algo cómico y menos amenazante, haciendo que pierdan su poder.",
        "nivel_dificultad": "Intermedio"
    },
    {
        "nombre": "Accio",
        "efecto": "Invoca un objeto específico hacia el lanzador del hechizo. A menudo utilizado para recuperar objetos perdidos o distantes.",
        "nivel_dificultad": "Intermedio"
    },
    {
        "nombre": "Protego",
        "efecto": "Crea un escudo mágico para proteger al lanzador del hechizo y a otros de ataques físicos y mágicos.",
        "nivel_dificultad": "Intermedio"
    },
    {
        "nombre": "Imperio",
        "efecto": "Controla completamente la mente de la víctima, obligándola a obedecer las órdenes del lanzador del hechizo. Es uno de los tres hechizos imperdonables.",
        "nivel_dificultad": "Avanzado"
    },
    {
        "nombre": "Crucio",
        "efecto": "Causa un dolor agonizante en la víctima, torturándola física y mentalmente. Es uno de los tres hechizos imperdonables.",
        "nivel_dificultad": "Avanzado"
    },
    {
        "hechizo": "Petrificus Totalus",
        "descripcion": "Hechizo paralizador, utilizado para inmovilizar completamente a la víctima.",
        "dificultad": "Intermedio"
    },
    {
        "hechizo": "Reducto",
        "descripcion": "Hechizo reductor, utilizado para destruir objetos sólidos.",
        "dificultad": "Avanzado"
    }
]