[
    {
        "nombre": "Hogwarts",
        "descripcion": "La famosa escuela de magia y hechicería en el mundo de Harry Potter, ubicada en las Tierras Altas de Escocia.",
        "ubicacion": "Tierras Altas de Escocia",
        "hechizos_usados": [
            "Protego Horribilis",
            "Repello Muggletum",
            "Expecto Patronum",
            "Lumos",
            "Nox",
            "Alohomora",
            "Wingardium Leviosa",
            "Petrificus Totalus",
            "Rictusempra",
            "Expelliarmus",
            "Stupefy",
            "Accio",
            "Reducto",
            "Incendio"
        ]
    },
    {
        "nombre": "Callejón Diagon",
        "descripcion": "Un callejón mágico en Londres, donde los magos pueden comprar todo lo que necesitan para el mundo mágico.",
        "ubicacion": "Londres, Inglaterra",
        "hechizos_usados": [
            "Reparo",
            "Lumos",
            "Alohomora"
        ]
    },
    {
        "nombre": "Hogsmeade",
        "descripcion": "El único pueblo enteramente mágico de Gran Bretaña, cerca de Hogwarts.",
        "ubicacion": "Cerca de Hogwarts",
        "hechizos_usados": [
            "Alohomora",
            "Impedimenta"
        ]
    },
    {
        "nombre": "Ministerio de Magia",
        "descripcion": "La sede del gobierno mágico en Gran Bretaña, que regula la comunidad mágica.",
        "ubicacion": "Londres, Inglaterra",
        "hechizos_usados": [
            "Apparate",
            "Obliviate"
        ]
    },
    {
        "nombre": "Bosque Prohibido",
        "descripcion": "Un gran bosque oscuro y peligroso al lado de Hogwarts, hogar de muchas criaturas mágicas.",
        "ubicacion": "Al lado de Hogwarts",
        "hechizos_usados": [
            "Expecto Patronum",
            "Lumos Maxima"
        ]
    },
    {
        "nombre": "Cabaña de Hagrid",
        "descripcion": "La residencia del guardián de las llaves y terrenos de Hogwarts, Rubeus Hagrid, ubicada en los terrenos de Hogwarts.",
        "ubicacion": "Terrenos de Hogwarts",
        "hechizos_usados": [
            "Reparo",
            "Aguamenti"
        ]
    },
    {
        "nombre": "Cámara Secreta",
        "descripcion": "Una cámara oculta dentro de Hogwarts, creada por Salazar Slytherin y hogar del Basilisco.",
        "ubicacion": "Hogwarts",
        "hechizos_usados": [
            "Parseltongue",
            "Lumos"
        ]
    },
    {
        "nombre": "La Madriguera",
        "descripcion": "El hogar de la familia Weasley, ubicado en las afueras de Ottery St Catchpole.",
        "ubicacion": "Ottery St Catchpole",
        "hechizos_usados": [
            "Scourgify",
            "Reparo"
        ]
    },
    {
        "nombre": "Gringotts",
        "descripcion": "El banco de los magos, dirigido y operado por duendes.",
        "ubicacion": "Callejón Diagon, Londres",
        "hechizos_usados": [
            "Alohomora",
            "Protego"
        ]
    },
    {
        "nombre": "Casa de los Black",
        "descripcion": "El hogar ancestral de la familia Black, también conocido como la sede de la Orden del Fénix.",
        "ubicacion": "Londres, Inglaterra",
        "hechizos_usados": [
            "Fidelius Charm",
            "Evanesco"
        ]
    },
    {
        "nombre": "Plataforma 9 3/4",
        "descripcion": "La plataforma oculta en la estación de King's Cross desde donde parte el Expreso de Hogwarts.",
        "ubicacion": "Estación de King's Cross, Londres",
        "hechizos_usados": [
            "Protego",
            "Silencio"
        ]
    }
]