[
    {
        "nombre": "Harry Potter",
        "casa": "Gryffindor",
        "sangre": "sangre mestiza",
        "fecha_nacimiento": "31 de julio de 1980",
        "descripcion": "El protagonista de la serie, conocido por haber sobrevivido al hechizo de la muerte de Lord Voldemort siendo un bebé.",
        "roles": [
            "Estudiante",
            "Auror",
            "Jefe de familia Potter"
        ],
        "relaciones_familiares": {
            "padres": [
                "James Potter",
                "Lily Potter"
            ],
            "padrinos": [
                "Sirius Black"
            ],
            "hijos": [
                "James Sirius Potter",
                "Albus Severus Potter",
                "Lily Luna Potter"
            ]
        }
    },
    {
        "nombre": "Hermione Granger",
        "casa": "Gryffindor",
        "sangre": "sangre impura",
        "fecha_nacimiento": "19 de septiembre de 1979",
        "descripcion": "Una brillante y estudiosa bruja conocida por su inteligencia y valentía.",
        "roles": [
            "Estudiante",
            "Ministra de Magia"
        ],
        "relaciones_familiares": {
            "padres": [
                "Hermano Granger",
                "Padre de Hermione Granger"
            ],
            "esposo": [
                "Ron Weasley"
            ],
            "hijos": [
                "Rose Weasley",
                "Hugo Weasley"
            ]
        }
    },
    {
        "nombre": "Ron Weasley",
        "casa": "Gryffindor",
        "sangre": "sangre pura",
        "fecha_nacimiento": "1 de marzo de 1980",
        "descripcion": "Un leal amigo de Harry Potter y Hermione Granger, conocido por su humor y valentía.",
        "roles": [
            "Estudiante",
            "Jugador de ajedrez mágico"
        ],
        "relaciones_familiares": {
            "padres": [
                "Arthur Weasley",
                "Molly Weasley"
            ],
            "esposa": [
                "Hermione Granger"
            ],
            "hijos": [
                "Rose Weasley",
                "Hugo Weasley"
            ]
        }
    },
    {
        "nombre": "Draco Malfoy",
        "casa": "Slytherin",
        "sangre": "sangre pura",
        "fecha_nacimiento": "5 de junio de 1980",
        "descripcion": "Un estudiante arrogante y antipático de Slytherin, cuya familia tiene una larga historia de apoyo a Voldemort.",
        "roles": [
            "Estudiante",
            "Mortífago"
        ],
        "relaciones_familiares": {
            "padres": [
                "Lucius Malfoy",
                "Narcissa Malfoy"
            ],
            "esposa": [
                "Astoria Greengrass"
            ],
            "hijos": [
                "Scorpius Malfoy"
            ]
        }
    },
    {
        "nombre": "Albus Dumbledore",
        "casa": "Gryffindor",
        "sangre": "sangre mestiza",
        "fecha_nacimiento": "1881",
        "descripcion": "El director de Hogwarts y uno de los magos más poderosos de su tiempo, conocido por su sabiduría y compasión.",
        "roles": [
            "Director de Hogwarts",
            "Líder de la Orden del Fénix"
        ],
        "relaciones_familiares": {
            "hermano": [
                "Aberforth Dumbledore"
            ],
            "amigo cercano": [
                "Gellert Grindelwald"
            ]
        }
    },
    {
        "nombre": "Severus Snape",
        "casa": "Slytherin",
        "sangre": "sangre mestiza",
        "fecha_nacimiento": "9 de enero de 1960",
        "descripcion": "Un profesor de Pociones en Hogwarts, cuya lealtad y motivaciones son objeto de especulación durante gran parte de la serie.",
        "roles": [
            "Profesor",
            "Mortífago",
            "Miembro de la Orden del Fénix"
        ],
        "relaciones_familiares": {
            "padres": [
                "Tobias Snape",
                "Eileen Prince"
            ]
        }
    },
    {
        "nombre": "Sirius Black",
        "casa": "Gryffindor",
        "sangre": "sangre pura",
        "fecha_nacimiento": "3 de noviembre de 1959",
        "descripcion": "Un animago y mejor amigo de James Potter, conocido por su valentía y lealtad.",
        "roles": [
            "Estudiante",
            "Miembro de la Orden del Fénix",
            "Padrino de Harry Potter"
        ],
        "relaciones_familiares": {
            "padres": [
                "Orion Black",
                "Walburga Black"
            ],
            "hermano": [
                "Regulus Black"
            ]
        }
    },
    {
        "nombre": "Minerva McGonagall",
        "casa": "Gryffindor",
        "sangre": "sangre pura",
        "fecha_nacimiento": "4 de octubre de 1935",
        "descripcion": "La subdirectora de Hogwarts y profesora de Transformaciones, conocida por su firmeza y dedicación a la escuela.",
        "roles": [
            "Profesora",
            "Directora interina de Hogwarts",
            "Miembro de la Orden del Fénix"
        ],
        "relaciones_familiares": {
            "esposo": [
                "Elwood McGonagall"
            ]
        }
    },
    {
        "nombre": "Bellatrix Lestrange",
        "casa": "Slytherin",
        "sangre": "sangre pura",
        "fecha_nacimiento": "1951",
        "descripcion": "Una mortífaga fanática y devota seguidora de Lord Voldemort, conocida por su crueldad y sadismo.",
        "roles": [
            "Mortífaga"
        ],
        "relaciones_familiares": {
            "hermana": [
                "Narcissa Malfoy"
            ],
            "cuñado": [
                "Lucius Malfoy"
            ],
            "sobrino": [
                "Draco Malfoy"
            ]
        }
    },
    {
        "nombre": "Neville Longbottom",
        "casa": "Gryffindor",
        "sangre": "sangre pura",
        "fecha_nacimiento": "30 de julio de 1980",
        "descripcion": "Un estudiante de Gryffindor conocido por su valentía y determinación, a pesar de su torpeza inicial.",
        "roles": [
            "Estudiante",
            "Profesor de Herbología en Hogwarts"
        ],
        "relaciones_familiares": {
            "abuela": "Augusta Longbottom",
            "padres": [
                "Frank Longbottom",
                "Alice Longbottom"
            ],
            "hijos": [
                "Frank Longbottom II"
            ]
        }
    },
    {
        "nombre": "Luna Lovegood",
        "casa": "Ravenclaw",
        "sangre": "sangre pura",
        "fecha_nacimiento": "13 de febrero de 1981",
        "descripcion": "Una estudiante excéntrica de Ravenclaw conocida por su naturaleza soñadora y su creencia en las criaturas mágicas.",
        "roles": [
            "Estudiante",
            "Miembro del Ejército de Dumbledore"
        ],
        "relaciones_familiares": {
            "padres": [
                "Xenophilius Lovegood",
                "Pandora Lovegood"
            ]
        }
    }
]